Feature,Duration,ATE,Type
2.5V_PCU_ELB,10,-35.270761299524736,IBS_N
Radial Distance from Sun,10,-0.0316985889313477,IBS_N
Electronic Box Temperature,10,33.32543263140268,IBS_N
Search Coil Magnetometer's Temperature,10,54.482979705528166,IBS_N
Solar Array's Angle,10,-19.4278938953062,IBS_N
High Gain Antenna Azimuth,10,-91.8204552800037,IBS_N
Heater Dutycycle,10,-23.755704654826197,IBS_N
2.5V_PCU_ELB,20,-5.039827675405335,IBS_N
Radial Distance from Sun,20,-0.0381897937077023,IBS_N
Electronic Box Temperature,20,6.3358519095876495,IBS_N
Search Coil Magnetometer's Temperature,20,6.620699669918643,IBS_N
Solar Array's Angle,20,10.232858234062192,IBS_N
High Gain Antenna Azimuth,20,57.59411051232979,IBS_N
Heater Dutycycle,20,-26.599643158675555,IBS_N
2.5V_PCU_ELB,30,-70.42697360758365,IBS_N
Radial Distance from Sun,30,-0.0420953128690233,IBS_N
Electronic Box Temperature,30,19.88667547214845,IBS_N
Search Coil Magnetometer's Temperature,30,-3.554517685527806,IBS_N
Solar Array's Angle,30,-82.27713163335862,IBS_N
High Gain Antenna Azimuth,30,-44.49733583779961,IBS_N
Heater Dutycycle,30,-20.35455096310053,IBS_N
2.5V_PCU_ELB,40,28.343092183275736,IBS_N
Radial Distance from Sun,40,-0.0417183634687593,IBS_N
Electronic Box Temperature,40,43.406656242485305,IBS_N
Search Coil Magnetometer's Temperature,40,7.290604924621895,IBS_N
Solar Array's Angle,40,-102.33274225186064,IBS_N
High Gain Antenna Azimuth,40,-110.8933403083302,IBS_N
Heater Dutycycle,40,-39.77889807607893,IBS_N
2.5V_PCU_ELB,50,23.952501928838718,IBS_N
Radial Distance from Sun,50,-0.0418790254746283,IBS_N
Electronic Box Temperature,50,53.94737926616838,IBS_N
Search Coil Magnetometer's Temperature,50,-53.89024324320351,IBS_N
Solar Array's Angle,50,30.83903847153783,IBS_N
High Gain Antenna Azimuth,50,-7.916232230354069,IBS_N
Heater Dutycycle,50,56.54597973831593,IBS_N
2.5V_PCU_ELB,60,-77.26058250952495,IBS_N
Radial Distance from Sun,60,-0.0358325477848715,IBS_N
Electronic Box Temperature,60,31.269726960464965,IBS_N
Search Coil Magnetometer's Temperature,60,31.290259345859187,IBS_N
Solar Array's Angle,60,-107.6233548784894,IBS_N
High Gain Antenna Azimuth,60,21.90622311879701,IBS_N
Heater Dutycycle,60,-50.64342350519944,IBS_N
2.5V_PCU_ELB,70,46.99174702460401,IBS_N
Radial Distance from Sun,70,-0.0202676714607161,IBS_N
Electronic Box Temperature,70,61.54762764450741,IBS_N
Search Coil Magnetometer's Temperature,70,1.7532608398017473,IBS_N
Solar Array's Angle,70,-70.78369521500146,IBS_N
High Gain Antenna Azimuth,70,42.92988434817441,IBS_N
Heater Dutycycle,70,-33.633391981137244,IBS_N
2.5V_PCU_ELB,80,19.712653053127976,IBS_N
Radial Distance from Sun,80,-0.0115923444195873,IBS_N
Electronic Box Temperature,80,-34.47855158624456,IBS_N
Search Coil Magnetometer's Temperature,80,-15.289418908181135,IBS_N
Solar Array's Angle,80,66.13087369826968,IBS_N
High Gain Antenna Azimuth,80,27.12587662555829,IBS_N
Heater Dutycycle,80,-5.680803582034675,IBS_N
2.5V_PCU_ELB,90,48.21390952473865,IBS_N
Radial Distance from Sun,90,-0.0076758510119168,IBS_N
Electronic Box Temperature,90,8.069465637404605,IBS_N
Search Coil Magnetometer's Temperature,90,28.144596130882025,IBS_N
Solar Array's Angle,90,67.20943281629873,IBS_N
High Gain Antenna Azimuth,90,61.84156955610004,IBS_N
Heater Dutycycle,90,-9.08293484701088,IBS_N
2.5V_PCU_ELB,100,17.410796675535863,IBS_N
Radial Distance from Sun,100,-0.0075904933820435,IBS_N
Electronic Box Temperature,100,-31.90212653908233,IBS_N
Search Coil Magnetometer's Temperature,100,53.20333514297965,IBS_N
Solar Array's Angle,100,78.42846891338903,IBS_N
High Gain Antenna Azimuth,100,-37.999949327277314,IBS_N
Heater Dutycycle,100,69.10041206760094,IBS_N
2.5V_PCU_ELB,110,-13.921584878567968,IBS_N
Radial Distance from Sun,110,-0.0077473002441713,IBS_N
Electronic Box Temperature,110,15.922236492744938,IBS_N
Search Coil Magnetometer's Temperature,110,-27.5525755647712,IBS_N
Solar Array's Angle,110,-124.31153531044474,IBS_N
High Gain Antenna Azimuth,110,49.21736974516515,IBS_N
Heater Dutycycle,110,-25.386867498402047,IBS_N
2.5V_PCU_ELB,120,26.178034316651686,IBS_N
Radial Distance from Sun,120,-0.0077939916736086,IBS_N
Electronic Box Temperature,120,-41.706769323690885,IBS_N
Search Coil Magnetometer's Temperature,120,19.99173964588601,IBS_N
Solar Array's Angle,120,-14.199686529355985,IBS_N
High Gain Antenna Azimuth,120,-14.503729945336296,IBS_N
Heater Dutycycle,120,45.96122647278832,IBS_N
2.5V_PCU_ELB,130,-44.52447301353412,IBS_N
Radial Distance from Sun,130,-0.0082015664654039,IBS_N
Electronic Box Temperature,130,38.37871169045052,IBS_N
Search Coil Magnetometer's Temperature,130,116.78025011419986,IBS_N
Solar Array's Angle,130,43.4615452424701,IBS_N
High Gain Antenna Azimuth,130,-26.52905279186131,IBS_N
Heater Dutycycle,130,-21.167511039370844,IBS_N
2.5V_PCU_ELB,140,40.19187732169986,IBS_N
Radial Distance from Sun,140,-0.0084880210551273,IBS_N
Electronic Box Temperature,140,71.19260240417339,IBS_N
Search Coil Magnetometer's Temperature,140,3.335793628469562,IBS_N
Solar Array's Angle,140,-78.56503673128289,IBS_N
High Gain Antenna Azimuth,140,45.1848239547616,IBS_N
Heater Dutycycle,140,-8.661904219907964,IBS_N
2.5V_PCU_ELB,150,21.816784760451945,IBS_N
Radial Distance from Sun,150,-0.0090948943089869,IBS_N
Electronic Box Temperature,150,67.1292604810631,IBS_N
Search Coil Magnetometer's Temperature,150,-40.80690842164694,IBS_N
Solar Array's Angle,150,63.0255111966724,IBS_N
High Gain Antenna Azimuth,150,-97.20548297189062,IBS_N
Heater Dutycycle,150,-41.0228982355097,IBS_N
2.5V_PCU_ELB,160,35.360325979920205,IBS_N
Radial Distance from Sun,160,-0.0095917880466062,IBS_N
Electronic Box Temperature,160,37.72731560859685,IBS_N
Search Coil Magnetometer's Temperature,160,-41.528458395585,IBS_N
Solar Array's Angle,160,20.510440617338144,IBS_N
High Gain Antenna Azimuth,160,15.97669120890008,IBS_N
Heater Dutycycle,160,6.297848444465526,IBS_N
2.5V_PCU_ELB,170,20.40546627295753,IBS_N
Radial Distance from Sun,170,-0.010134122521539,IBS_N
Electronic Box Temperature,170,46.23517964542968,IBS_N
Search Coil Magnetometer's Temperature,170,-32.55814491859107,IBS_N
Solar Array's Angle,170,-24.20112495782729,IBS_N
High Gain Antenna Azimuth,170,66.07519021055575,IBS_N
Heater Dutycycle,170,36.225545706554136,IBS_N
2.5V_PCU_ELB,180,-48.98196982280949,IBS_N
Radial Distance from Sun,180,-0.0107513338208556,IBS_N
Electronic Box Temperature,180,-21.37198288647278,IBS_N
Search Coil Magnetometer's Temperature,180,-3.72864469846241,IBS_N
Solar Array's Angle,180,9.8997161975855,IBS_N
High Gain Antenna Azimuth,180,41.61748472628975,IBS_N
Heater Dutycycle,180,-60.84764310477559,IBS_N
2.5V_PCU_ELB,190,32.0758211626889,IBS_N
Radial Distance from Sun,190,-0.0114141504249529,IBS_N
Electronic Box Temperature,190,-28.76327893445807,IBS_N
Search Coil Magnetometer's Temperature,190,13.396282404938946,IBS_N
Solar Array's Angle,190,21.34767800232761,IBS_N
High Gain Antenna Azimuth,190,-5.588188501988957,IBS_N
Heater Dutycycle,190,-29.47947227028934,IBS_N
2.5V_PCU_ELB,200,-31.90094930355001,IBS_N
Radial Distance from Sun,200,-0.0120160617164173,IBS_N
Electronic Box Temperature,200,-14.270695075743484,IBS_N
Search Coil Magnetometer's Temperature,200,-12.3288411839067,IBS_N
Solar Array's Angle,200,-16.620209360984095,IBS_N
High Gain Antenna Azimuth,200,17.819977561005068,IBS_N
Heater Dutycycle,200,11.37664967828086,IBS_N
2.5V_PCU_ELB,210,33.45592831390897,IBS_N
Radial Distance from Sun,210,-0.0125638550214125,IBS_N
Electronic Box Temperature,210,65.6382745007233,IBS_N
Search Coil Magnetometer's Temperature,210,-2.83876682059401,IBS_N
Solar Array's Angle,210,18.59604170251661,IBS_N
High Gain Antenna Azimuth,210,38.94350548124324,IBS_N
Heater Dutycycle,210,13.461879233486226,IBS_N
2.5V_PCU_ELB,220,0.9181865095083824,IBS_N
Radial Distance from Sun,220,-0.0130271267824627,IBS_N
Electronic Box Temperature,220,0.1085836314119572,IBS_N
Search Coil Magnetometer's Temperature,220,35.01783200329183,IBS_N
Solar Array's Angle,220,0.0989503262003209,IBS_N
High Gain Antenna Azimuth,220,-52.19541423756304,IBS_N
Heater Dutycycle,220,-6.742884884269784,IBS_N
2.5V_PCU_ELB,230,-4.931504097454335,IBS_N
Radial Distance from Sun,230,-0.0132839043009672,IBS_N
Electronic Box Temperature,230,39.39162192477502,IBS_N
Search Coil Magnetometer's Temperature,230,0.4103899605476863,IBS_N
Solar Array's Angle,230,53.24625575452207,IBS_N
High Gain Antenna Azimuth,230,40.04621336326482,IBS_N
Heater Dutycycle,230,32.910783431937624,IBS_N
2.5V_PCU_ELB,240,-22.48184614311612,IBS_N
Radial Distance from Sun,240,-0.0136042315214964,IBS_N
Electronic Box Temperature,240,-10.068349894490854,IBS_N
Search Coil Magnetometer's Temperature,240,87.52823754164258,IBS_N
Solar Array's Angle,240,46.3987129809023,IBS_N
High Gain Antenna Azimuth,240,-57.17146338015752,IBS_N
Heater Dutycycle,240,7.488875865334375,IBS_N
2.5V_PCU_ELB,10,-120.25244087760936,IBS_R
Radial Distance from Sun,10,-0.0533362426466244,IBS_R
Electronic Box Temperature,10,35.28089793071844,IBS_R
Search Coil Magnetometer's Temperature,10,-36.75575270603,IBS_R
Solar Array's Angle,10,-1.2667767599839583,IBS_R
High Gain Antenna Azimuth,10,-10.393544757671012,IBS_R
Heater Dutycycle,10,8.924029864477586,IBS_R
2.5V_PCU_ELB,20,12.738893259296498,IBS_R
Radial Distance from Sun,20,-0.0835403993495788,IBS_R
Electronic Box Temperature,20,12.74541396388018,IBS_R
Search Coil Magnetometer's Temperature,20,19.431897859795036,IBS_R
Solar Array's Angle,20,-92.21372786215412,IBS_R
High Gain Antenna Azimuth,20,-72.7516057302196,IBS_R
Heater Dutycycle,20,-0.2534796102779262,IBS_R
2.5V_PCU_ELB,30,-40.29791665865229,IBS_R
Radial Distance from Sun,30,-0.0922598334012462,IBS_R
Electronic Box Temperature,30,-43.74863922473887,IBS_R
Search Coil Magnetometer's Temperature,30,-5.305914939635681,IBS_R
Solar Array's Angle,30,28.438479718553506,IBS_R
High Gain Antenna Azimuth,30,6.840190141654935,IBS_R
Heater Dutycycle,30,57.21323166702015,IBS_R
2.5V_PCU_ELB,40,57.33102308858937,IBS_R
Radial Distance from Sun,40,-0.0966156157224674,IBS_R
Electronic Box Temperature,40,-15.749997335872177,IBS_R
Search Coil Magnetometer's Temperature,40,-23.5231322363547,IBS_R
Solar Array's Angle,40,-29.052391252149707,IBS_R
High Gain Antenna Azimuth,40,1.273387448249743,IBS_R
Heater Dutycycle,40,-12.432000598479226,IBS_R
2.5V_PCU_ELB,50,-31.235682313600957,IBS_R
Radial Distance from Sun,50,-0.0988839511336089,IBS_R
Electronic Box Temperature,50,-41.78660613669945,IBS_R
Search Coil Magnetometer's Temperature,50,-13.085323962500826,IBS_R
Solar Array's Angle,50,-9.134247161349151,IBS_R
High Gain Antenna Azimuth,50,32.62668505777325,IBS_R
Heater Dutycycle,50,48.14545420472512,IBS_R
2.5V_PCU_ELB,60,27.45700555741041,IBS_R
Radial Distance from Sun,60,-0.0968521934738159,IBS_R
Electronic Box Temperature,60,-43.66979304705501,IBS_R
Search Coil Magnetometer's Temperature,60,19.320252472532115,IBS_R
Solar Array's Angle,60,-43.97794046672182,IBS_R
High Gain Antenna Azimuth,60,-5.35002406123195,IBS_R
Heater Dutycycle,60,-80.91485235884103,IBS_R
2.5V_PCU_ELB,70,43.89621025268138,IBS_R
Radial Distance from Sun,70,-0.090358690221292,IBS_R
Electronic Box Temperature,70,60.989551016848665,IBS_R
Search Coil Magnetometer's Temperature,70,7.817456907937985,IBS_R
Solar Array's Angle,70,-25.46809121342329,IBS_R
High Gain Antenna Azimuth,70,-26.94252823096588,IBS_R
Heater Dutycycle,70,-15.849281853843909,IBS_R
2.5V_PCU_ELB,80,-33.14924331356023,IBS_R
Radial Distance from Sun,80,-0.0828897439482554,IBS_R
Electronic Box Temperature,80,-50.01983864449508,IBS_R
Search Coil Magnetometer's Temperature,80,-21.46497052814296,IBS_R
Solar Array's Angle,80,-12.094283553186568,IBS_R
High Gain Antenna Azimuth,80,12.14149835043864,IBS_R
Heater Dutycycle,80,-15.126959029817336,IBS_R
2.5V_PCU_ELB,90,39.61765271143238,IBS_R
Radial Distance from Sun,90,-0.0748021307233477,IBS_R
Electronic Box Temperature,90,-4.611156095797963,IBS_R
Search Coil Magnetometer's Temperature,90,43.08925418166572,IBS_R
Solar Array's Angle,90,35.19205726916746,IBS_R
High Gain Antenna Azimuth,90,16.784683254964087,IBS_R
Heater Dutycycle,90,-17.542360200458365,IBS_R
2.5V_PCU_ELB,100,-69.06133131947892,IBS_R
Radial Distance from Sun,100,-0.0738606968670701,IBS_R
Electronic Box Temperature,100,-6.912337960732199,IBS_R
Search Coil Magnetometer's Temperature,100,2.202680103333795,IBS_R
Solar Array's Angle,100,4.975557602085794,IBS_R
High Gain Antenna Azimuth,100,54.22594442576176,IBS_R
Heater Dutycycle,100,27.089756688197376,IBS_R
2.5V_PCU_ELB,110,-0.4158124194797691,IBS_R
Radial Distance from Sun,110,-0.0730884955811883,IBS_R
Electronic Box Temperature,110,-31.441277033965367,IBS_R
Search Coil Magnetometer's Temperature,110,-21.81806966870386,IBS_R
Solar Array's Angle,110,-91.91364053505698,IBS_R
High Gain Antenna Azimuth,110,15.448818195365035,IBS_R
Heater Dutycycle,110,-24.97785673270482,IBS_R
2.5V_PCU_ELB,120,-38.434892734442606,IBS_R
Radial Distance from Sun,120,-0.0722198985448419,IBS_R
Electronic Box Temperature,120,-15.692377173798334,IBS_R
Search Coil Magnetometer's Temperature,120,-20.34492135673324,IBS_R
Solar Array's Angle,120,12.619528731977349,IBS_R
High Gain Antenna Azimuth,120,-2.648343542407301,IBS_R
Heater Dutycycle,120,-34.59332078358609,IBS_R
2.5V_PCU_ELB,130,47.993264599794514,IBS_R
Radial Distance from Sun,130,-0.0709552589067432,IBS_R
Electronic Box Temperature,130,-26.10020504203729,IBS_R
Search Coil Magnetometer's Temperature,130,-11.57369081335834,IBS_R
Solar Array's Angle,130,54.22749856072444,IBS_R
High Gain Antenna Azimuth,130,-9.606403715934633,IBS_R
Heater Dutycycle,130,-27.628522662077327,IBS_R
2.5V_PCU_ELB,140,47.93176895714706,IBS_R
Radial Distance from Sun,140,-0.0697653062189082,IBS_R
Electronic Box Temperature,140,-29.081775748898743,IBS_R
Search Coil Magnetometer's Temperature,140,13.660929801805658,IBS_R
Solar Array's Angle,140,61.70764242647042,IBS_R
High Gain Antenna Azimuth,140,-16.400278813276643,IBS_R
Heater Dutycycle,140,41.93302108181282,IBS_R
2.5V_PCU_ELB,150,48.06931592300035,IBS_R
Radial Distance from Sun,150,-0.0687191770924107,IBS_R
Electronic Box Temperature,150,-14.528803034553976,IBS_R
Search Coil Magnetometer's Temperature,150,19.42037383381113,IBS_R
Solar Array's Angle,150,-13.22468601318863,IBS_R
High Gain Antenna Azimuth,150,-54.96919310667019,IBS_R
Heater Dutycycle,150,61.02146411673318,IBS_R
2.5V_PCU_ELB,160,11.003956016201768,IBS_R
Radial Distance from Sun,160,-0.0673488400602678,IBS_R
Electronic Box Temperature,160,28.633044326175824,IBS_R
Search Coil Magnetometer's Temperature,160,-44.540027314365474,IBS_R
Solar Array's Angle,160,-20.365417510472582,IBS_R
High Gain Antenna Azimuth,160,30.71525177753663,IBS_R
Heater Dutycycle,160,-7.451290948007823,IBS_R
2.5V_PCU_ELB,170,18.11308327402472,IBS_R
Radial Distance from Sun,170,-0.0659050743423091,IBS_R
Electronic Box Temperature,170,59.04648615888266,IBS_R
Search Coil Magnetometer's Temperature,170,20.366059265861384,IBS_R
Solar Array's Angle,170,1.5911347990973992,IBS_R
High Gain Antenna Azimuth,170,67.98747762269413,IBS_R
Heater Dutycycle,170,7.075568043510756,IBS_R
2.5V_PCU_ELB,180,-15.365681320826914,IBS_R
Radial Distance from Sun,180,-0.0645491465067942,IBS_R
Electronic Box Temperature,180,-23.20011912224225,IBS_R
Search Coil Magnetometer's Temperature,180,-18.225163231199748,IBS_R
Solar Array's Angle,180,-2.974150655740834,IBS_R
High Gain Antenna Azimuth,180,67.33431995535868,IBS_R
Heater Dutycycle,180,7.936377184408293,IBS_R
2.5V_PCU_ELB,190,3.6467341580181984,IBS_R
Radial Distance from Sun,190,-0.0632495031433587,IBS_R
Electronic Box Temperature,190,44.3501605811632,IBS_R
Search Coil Magnetometer's Temperature,190,-11.05390273377209,IBS_R
Solar Array's Angle,190,65.175781654666,IBS_R
High Gain Antenna Azimuth,190,-16.023420543783107,IBS_R
Heater Dutycycle,190,1.7140916946968645,IBS_R
2.5V_PCU_ELB,200,-15.44544526091672,IBS_R
Radial Distance from Sun,200,-0.0622237699457716,IBS_R
Electronic Box Temperature,200,23.18407337459977,IBS_R
Search Coil Magnetometer's Temperature,200,-10.867276703549576,IBS_R
Solar Array's Angle,200,15.167929127299145,IBS_R
High Gain Antenna Azimuth,200,-59.16086315790569,IBS_R
Heater Dutycycle,200,-45.027264207771694,IBS_R
2.5V_PCU_ELB,210,22.13654550892113,IBS_R
Radial Distance from Sun,210,-0.0610679930404918,IBS_R
Electronic Box Temperature,210,-36.32271221379413,IBS_R
Search Coil Magnetometer's Temperature,210,-59.19532908023949,IBS_R
Solar Array's Angle,210,50.55018278174082,IBS_R
High Gain Antenna Azimuth,210,23.2799223873861,IBS_R
Heater Dutycycle,210,0.0820794769391383,IBS_R
2.5V_PCU_ELB,220,-22.16637131161593,IBS_R
Radial Distance from Sun,220,-0.0600009271428135,IBS_R
Electronic Box Temperature,220,65.30246207179351,IBS_R
Search Coil Magnetometer's Temperature,220,-49.29151323455047,IBS_R
Solar Array's Angle,220,-34.460147125793256,IBS_R
High Gain Antenna Azimuth,220,5.104100466643085,IBS_R
Heater Dutycycle,220,-16.421121985539884,IBS_R
2.5V_PCU_ELB,230,7.800599504850959,IBS_R
Radial Distance from Sun,230,-0.0591459847647748,IBS_R
Electronic Box Temperature,230,-21.55312351442835,IBS_R
Search Coil Magnetometer's Temperature,230,-32.702217211750195,IBS_R
Solar Array's Angle,230,0.1428248793291369,IBS_R
High Gain Antenna Azimuth,230,-92.756170212915,IBS_R
Heater Dutycycle,230,-67.3517718662875,IBS_R
2.5V_PCU_ELB,240,-5.258437260756717,IBS_R
Radial Distance from Sun,240,-0.0583360623377661,IBS_R
Electronic Box Temperature,240,65.54022469199059,IBS_R
Search Coil Magnetometer's Temperature,240,97.8298472936298,IBS_R
Solar Array's Angle,240,-37.26193610373326,IBS_R
High Gain Antenna Azimuth,240,-9.830558954359804,IBS_R
Heater Dutycycle,240,9.92733295316102,IBS_R
2.5V_PCU_ELB,10,14.219055717092637,IBS_T
Radial Distance from Sun,10,-0.0244173336235282,IBS_T
Electronic Box Temperature,10,57.52137570311568,IBS_T
Search Coil Magnetometer's Temperature,10,86.09920943989572,IBS_T
Solar Array's Angle,10,-68.65418016470977,IBS_T
High Gain Antenna Azimuth,10,-94.66987881978407,IBS_T
Heater Dutycycle,10,-23.375627153266528,IBS_T
2.5V_PCU_ELB,20,-17.637031720485,IBS_T
Radial Distance from Sun,20,-0.0285493368236105,IBS_T
Electronic Box Temperature,20,14.510596873786948,IBS_T
Search Coil Magnetometer's Temperature,20,45.98642535682714,IBS_T
Solar Array's Angle,20,-3.4877752444345687,IBS_T
High Gain Antenna Azimuth,20,92.47594603766598,IBS_T
Heater Dutycycle,20,-23.3218702478926,IBS_T
2.5V_PCU_ELB,30,-53.62236558563819,IBS_T
Radial Distance from Sun,30,-0.0255956734675828,IBS_T
Electronic Box Temperature,30,54.682891347586086,IBS_T
Search Coil Magnetometer's Temperature,30,40.07439103191838,IBS_T
Solar Array's Angle,30,-79.19642012644401,IBS_T
High Gain Antenna Azimuth,30,-50.76418769057871,IBS_T
Heater Dutycycle,30,-35.57366896020807,IBS_T
2.5V_PCU_ELB,40,3.6640608989961088,IBS_T
Radial Distance from Sun,40,-0.0229244353205069,IBS_T
Electronic Box Temperature,40,4.17296565148907,IBS_T
Search Coil Magnetometer's Temperature,40,-8.999878092682788,IBS_T
Solar Array's Angle,40,-132.1246862416306,IBS_T
High Gain Antenna Azimuth,40,-21.76655439798911,IBS_T
Heater Dutycycle,40,4.100722508492147,IBS_T
2.5V_PCU_ELB,50,54.65209568572632,IBS_T
Radial Distance from Sun,50,-0.0212560112751363,IBS_T
Electronic Box Temperature,50,28.800489293697744,IBS_T
Search Coil Magnetometer's Temperature,50,-0.246005556057535,IBS_T
Solar Array's Angle,50,94.4464440594585,IBS_T
High Gain Antenna Azimuth,50,-36.538575203908486,IBS_T
Heater Dutycycle,50,16.025937867944762,IBS_T
2.5V_PCU_ELB,60,-65.19123219068506,IBS_T
Radial Distance from Sun,60,-0.0153349757153998,IBS_T
Electronic Box Temperature,60,-6.182841518350189,IBS_T
Search Coil Magnetometer's Temperature,60,-20.46647476449621,IBS_T
Solar Array's Angle,60,-86.80523105696517,IBS_T
High Gain Antenna Azimuth,60,21.277247477556607,IBS_T
Heater Dutycycle,60,-1.128078033611107,IBS_T
2.5V_PCU_ELB,70,30.22519105168238,IBS_T
Radial Distance from Sun,70,-0.007125856042619,IBS_T
Electronic Box Temperature,70,29.18455885967516,IBS_T
Search Coil Magnetometer's Temperature,70,-29.13101759573923,IBS_T
Solar Array's Angle,70,-23.83952331400755,IBS_T
High Gain Antenna Azimuth,70,3.079721552735031,IBS_T
Heater Dutycycle,70,-26.03042618093105,IBS_T
2.5V_PCU_ELB,80,-28.48160724640741,IBS_T
Radial Distance from Sun,80,-0.0017020143057103,IBS_T
Electronic Box Temperature,80,-32.51064162309969,IBS_T
Search Coil Magnetometer's Temperature,80,-4.775294217152557,IBS_T
Solar Array's Angle,80,65.66245700752498,IBS_T
High Gain Antenna Azimuth,80,-14.557982348156916,IBS_T
Heater Dutycycle,80,-23.04229625326557,IBS_T
2.5V_PCU_ELB,90,29.00507607253416,IBS_T
Radial Distance from Sun,90,0.0015157902761255,IBS_T
Electronic Box Temperature,90,-31.5078943601381,IBS_T
Search Coil Magnetometer's Temperature,90,21.047255909952824,IBS_T
Solar Array's Angle,90,13.612454092491667,IBS_T
High Gain Antenna Azimuth,90,15.205812066874108,IBS_T
Heater Dutycycle,90,-11.674551498139811,IBS_T
2.5V_PCU_ELB,100,10.063869055387867,IBS_T
Radial Distance from Sun,100,0.0018894856564453,IBS_T
Electronic Box Temperature,100,-60.99312400291546,IBS_T
Search Coil Magnetometer's Temperature,100,49.95058376033616,IBS_T
Solar Array's Angle,100,26.900479065441147,IBS_T
High Gain Antenna Azimuth,100,-28.746758392943427,IBS_T
Heater Dutycycle,100,45.83530191676171,IBS_T
2.5V_PCU_ELB,110,-0.7257768251980267,IBS_T
Radial Distance from Sun,110,0.0021099934053372,IBS_T
Electronic Box Temperature,110,16.870213579627194,IBS_T
Search Coil Magnetometer's Temperature,110,-39.81903378488061,IBS_T
Solar Array's Angle,110,-93.18123871631558,IBS_T
High Gain Antenna Azimuth,110,56.095247871560034,IBS_T
Heater Dutycycle,110,0.1143902280238358,IBS_T
2.5V_PCU_ELB,120,16.10342512123495,IBS_T
Radial Distance from Sun,120,0.0024247783749087,IBS_T
Electronic Box Temperature,120,16.739531570099295,IBS_T
Search Coil Magnetometer's Temperature,120,36.699638421610885,IBS_T
Solar Array's Angle,120,-45.949957202276565,IBS_T
High Gain Antenna Azimuth,120,-1.6449961818611585,IBS_T
Heater Dutycycle,120,51.69314466155807,IBS_T
2.5V_PCU_ELB,130,-51.03246837444557,IBS_T
Radial Distance from Sun,130,0.0025552044704124,IBS_T
Electronic Box Temperature,130,27.698976923135177,IBS_T
Search Coil Magnetometer's Temperature,130,89.49159996014264,IBS_T
Solar Array's Angle,130,-18.090436694440108,IBS_T
High Gain Antenna Azimuth,130,-10.158629558277145,IBS_T
Heater Dutycycle,130,1.1152359538464296,IBS_T
2.5V_PCU_ELB,140,29.038478907287768,IBS_T
Radial Distance from Sun,140,0.0028506557595171,IBS_T
Electronic Box Temperature,140,72.53266479306463,IBS_T
Search Coil Magnetometer's Temperature,140,5.893343906457878,IBS_T
Solar Array's Angle,140,9.050617875450172,IBS_T
High Gain Antenna Azimuth,140,4.14572811307745,IBS_T
Heater Dutycycle,140,6.270665710411502,IBS_T
2.5V_PCU_ELB,150,-16.048239488209223,IBS_T
Radial Distance from Sun,150,0.0032089274736528,IBS_T
Electronic Box Temperature,150,64.64052973181553,IBS_T
Search Coil Magnetometer's Temperature,150,-42.91248114355573,IBS_T
Solar Array's Angle,150,33.47258051072029,IBS_T
High Gain Antenna Azimuth,150,-78.77575231511277,IBS_T
Heater Dutycycle,150,-36.04827516728794,IBS_T
2.5V_PCU_ELB,160,17.37545889718163,IBS_T
Radial Distance from Sun,160,0.0035383612766152,IBS_T
Electronic Box Temperature,160,15.802112140884498,IBS_T
Search Coil Magnetometer's Temperature,160,-13.583175744876748,IBS_T
Solar Array's Angle,160,69.58540005212227,IBS_T
High Gain Antenna Azimuth,160,-53.07634130735582,IBS_T
Heater Dutycycle,160,-18.507115100426976,IBS_T
2.5V_PCU_ELB,170,-17.022855330275323,IBS_T
Radial Distance from Sun,170,0.0038236794072001,IBS_T
Electronic Box Temperature,170,13.539851799861486,IBS_T
Search Coil Magnetometer's Temperature,170,-24.506035038759386,IBS_T
Solar Array's Angle,170,3.9426728436303153,IBS_T
High Gain Antenna Azimuth,170,8.00772815672781,IBS_T
Heater Dutycycle,170,34.19445376553602,IBS_T
2.5V_PCU_ELB,180,-41.6672491776152,IBS_T
Radial Distance from Sun,180,0.0040655339524565,IBS_T
Electronic Box Temperature,180,-8.424980371794456,IBS_T
Search Coil Magnetometer's Temperature,180,-17.25133674833336,IBS_T
Solar Array's Angle,180,43.03140331239782,IBS_T
High Gain Antenna Azimuth,180,49.73014172543415,IBS_T
Heater Dutycycle,180,-50.85017567466695,IBS_T
2.5V_PCU_ELB,190,23.61990244818456,IBS_T
Radial Distance from Sun,190,0.0042793867146746,IBS_T
Electronic Box Temperature,190,-30.39955263815202,IBS_T
Search Coil Magnetometer's Temperature,190,-29.98770149577212,IBS_T
Solar Array's Angle,190,60.29548862797404,IBS_T
High Gain Antenna Azimuth,190,16.859008306393015,IBS_T
Heater Dutycycle,190,-15.333833075144558,IBS_T
2.5V_PCU_ELB,200,-34.985998961240725,IBS_T
Radial Distance from Sun,200,0.004406648679163,IBS_T
Electronic Box Temperature,200,-3.457154926564311,IBS_T
Search Coil Magnetometer's Temperature,200,-38.34815948839616,IBS_T
Solar Array's Angle,200,62.7124672312082,IBS_T
High Gain Antenna Azimuth,200,11.814451930134323,IBS_T
Heater Dutycycle,200,-12.28752692503189,IBS_T
2.5V_PCU_ELB,210,42.11773182685804,IBS_T
Radial Distance from Sun,210,0.0045694572376896,IBS_T
Electronic Box Temperature,210,73.79376567050844,IBS_T
Search Coil Magnetometer's Temperature,210,-3.212687948718117,IBS_T
Solar Array's Angle,210,6.147272132570627,IBS_T
High Gain Antenna Azimuth,210,12.84713265882861,IBS_T
Heater Dutycycle,210,16.489535869205277,IBS_T
2.5V_PCU_ELB,220,-31.59942013282367,IBS_T
Radial Distance from Sun,220,0.0047602521470967,IBS_T
Electronic Box Temperature,220,-2.045180483570113,IBS_T
Search Coil Magnetometer's Temperature,220,53.50971339577354,IBS_T
Solar Array's Angle,220,9.300033734387574,IBS_T
High Gain Antenna Azimuth,220,-19.102813418734808,IBS_T
Heater Dutycycle,220,-16.815703751296358,IBS_T
2.5V_PCU_ELB,230,-25.77633413297349,IBS_T
Radial Distance from Sun,230,0.0049167000744124,IBS_T
Electronic Box Temperature,230,24.35480170868127,IBS_T
Search Coil Magnetometer's Temperature,230,22.726564528988643,IBS_T
Solar Array's Angle,230,102.49785673752794,IBS_T
High Gain Antenna Azimuth,230,36.86171811355471,IBS_T
Heater Dutycycle,230,26.326957144332845,IBS_T
2.5V_PCU_ELB,240,-38.24917539620334,IBS_T
Radial Distance from Sun,240,0.0049645973162674,IBS_T
Electronic Box Temperature,240,18.48757648179274,IBS_T
Search Coil Magnetometer's Temperature,240,99.60089310933652,IBS_T
Solar Array's Angle,240,6.852027285039971,IBS_T
High Gain Antenna Azimuth,240,-57.29895398563473,IBS_T
Heater Dutycycle,240,22.35858488923083,IBS_T
2.5V_PCU_ELB,10,-22.93354977169042,OBS_N
Radial Distance from Sun,10,-0.0409796187372744,OBS_N
Electronic Box Temperature,10,35.91681660125503,OBS_N
Search Coil Magnetometer's Temperature,10,61.24645018722335,OBS_N
Solar Array's Angle,10,-34.50607530000571,OBS_N
High Gain Antenna Azimuth,10,-96.41804281775012,OBS_N
Heater Dutycycle,10,-25.50288976543118,OBS_N
2.5V_PCU_ELB,20,-3.30425544304637,OBS_N
Radial Distance from Sun,20,-0.0434589612677211,OBS_N
Electronic Box Temperature,20,1.40026067548411,OBS_N
Search Coil Magnetometer's Temperature,20,19.292491052130487,OBS_N
Solar Array's Angle,20,-2.4243102351307755,OBS_N
High Gain Antenna Azimuth,20,69.4063340485575,OBS_N
Heater Dutycycle,20,-21.44639235672381,OBS_N
2.5V_PCU_ELB,30,-71.86911429658117,OBS_N
Radial Distance from Sun,30,-0.0454237438993185,OBS_N
Electronic Box Temperature,30,42.274044097815725,OBS_N
Search Coil Magnetometer's Temperature,30,-2.6475673696116715,OBS_N
Solar Array's Angle,30,-89.22961413881346,OBS_N
High Gain Antenna Azimuth,30,-42.72812148430683,OBS_N
Heater Dutycycle,30,-28.030389596579777,OBS_N
2.5V_PCU_ELB,40,-17.313789103829574,OBS_N
Radial Distance from Sun,40,-0.040736050030108,OBS_N
Electronic Box Temperature,40,47.72982644041959,OBS_N
Search Coil Magnetometer's Temperature,40,33.12203068005263,OBS_N
Solar Array's Angle,40,-113.52896379909896,OBS_N
High Gain Antenna Azimuth,40,-104.94624363041363,OBS_N
Heater Dutycycle,40,-1.4906065393478536,OBS_N
2.5V_PCU_ELB,50,38.40576720683045,OBS_N
Radial Distance from Sun,50,-0.0367571757091733,OBS_N
Electronic Box Temperature,50,19.450336216373955,OBS_N
Search Coil Magnetometer's Temperature,50,-27.004748297597924,OBS_N
Solar Array's Angle,50,82.56376268269169,OBS_N
High Gain Antenna Azimuth,50,16.45537172972181,OBS_N
Heater Dutycycle,50,40.44173684109809,OBS_N
2.5V_PCU_ELB,60,-80.2310412055422,OBS_N
Radial Distance from Sun,60,-0.027501244444754,OBS_N
Electronic Box Temperature,60,-6.709888426226139,OBS_N
Search Coil Magnetometer's Temperature,60,-16.0724326568105,OBS_N
Solar Array's Angle,60,-79.31834149692683,OBS_N
High Gain Antenna Azimuth,60,23.99176329556199,OBS_N
Heater Dutycycle,60,-17.938023086260344,OBS_N
2.5V_PCU_ELB,70,-72.13968378594335,OBS_N
Radial Distance from Sun,70,-0.0105429706231816,OBS_N
Electronic Box Temperature,70,116.60205252469252,OBS_N
Search Coil Magnetometer's Temperature,70,4.204093459676211,OBS_N
Solar Array's Angle,70,-43.52634080569628,OBS_N
High Gain Antenna Azimuth,70,17.978278500013637,OBS_N
Heater Dutycycle,70,-48.48625973962245,OBS_N
2.5V_PCU_ELB,80,-13.1136548065443,OBS_N
Radial Distance from Sun,80,-0.0002315751379054,OBS_N
Electronic Box Temperature,80,-72.93793012112955,OBS_N
Search Coil Magnetometer's Temperature,80,-32.08725862504624,OBS_N
Solar Array's Angle,80,62.13891782811308,OBS_N
High Gain Antenna Azimuth,80,19.56804148858697,OBS_N
Heater Dutycycle,80,-6.191164555452464,OBS_N
2.5V_PCU_ELB,90,25.119573959770975,OBS_N
Radial Distance from Sun,90,0.0048927917759297,OBS_N
Electronic Box Temperature,90,-1.1817403792492285,OBS_N
Search Coil Magnetometer's Temperature,90,29.322263177765727,OBS_N
Solar Array's Angle,90,73.53937733795162,OBS_N
High Gain Antenna Azimuth,90,57.494393695650544,OBS_N
Heater Dutycycle,90,-41.12699920519389,OBS_N
2.5V_PCU_ELB,100,-31.97416073878183,OBS_N
Radial Distance from Sun,100,0.005095600845031,OBS_N
Electronic Box Temperature,100,-17.985861485277756,OBS_N
Search Coil Magnetometer's Temperature,100,65.43781642593416,OBS_N
Solar Array's Angle,100,90.10454492776093,OBS_N
High Gain Antenna Azimuth,100,-38.33089533722697,OBS_N
Heater Dutycycle,100,64.83182545654375,OBS_N
2.5V_PCU_ELB,110,-5.203402725629642,OBS_N
Radial Distance from Sun,110,0.0051052032634323,OBS_N
Electronic Box Temperature,110,23.81918615000276,OBS_N
Search Coil Magnetometer's Temperature,110,-14.909521607178156,OBS_N
Solar Array's Angle,110,-125.36078379008676,OBS_N
High Gain Antenna Azimuth,110,42.72673974279085,OBS_N
Heater Dutycycle,110,-22.607977228645336,OBS_N
2.5V_PCU_ELB,120,26.775442075068984,OBS_N
Radial Distance from Sun,120,0.0051595521825015,OBS_N
Electronic Box Temperature,120,-32.6865614604697,OBS_N
Search Coil Magnetometer's Temperature,120,32.57827402069679,OBS_N
Solar Array's Angle,120,-35.674841424537014,OBS_N
High Gain Antenna Azimuth,120,-21.47177835731787,OBS_N
Heater Dutycycle,120,42.39147861871812,OBS_N
2.5V_PCU_ELB,130,-41.94528819030645,OBS_N
Radial Distance from Sun,130,0.0048780514202931,OBS_N
Electronic Box Temperature,130,41.96072420398805,OBS_N
Search Coil Magnetometer's Temperature,130,110.75063262996105,OBS_N
Solar Array's Angle,130,79.99611904781366,OBS_N
High Gain Antenna Azimuth,130,-36.94701788696794,OBS_N
Heater Dutycycle,130,-12.159351005899063,OBS_N
2.5V_PCU_ELB,140,36.53045311915977,OBS_N
Radial Distance from Sun,140,0.0047617375160235,OBS_N
Electronic Box Temperature,140,57.99908240605706,OBS_N
Search Coil Magnetometer's Temperature,140,-9.74984709700215,OBS_N
Solar Array's Angle,140,-73.24390901753638,OBS_N
High Gain Antenna Azimuth,140,45.291104158577,OBS_N
Heater Dutycycle,140,-15.27137219313062,OBS_N
2.5V_PCU_ELB,150,22.00709587186464,OBS_N
Radial Distance from Sun,150,0.0042240213096789,OBS_N
Electronic Box Temperature,150,64.04642625130869,OBS_N
Search Coil Magnetometer's Temperature,150,-21.161580523731452,OBS_N
Solar Array's Angle,150,80.05520742528634,OBS_N
High Gain Antenna Azimuth,150,-108.77477742753958,OBS_N
Heater Dutycycle,150,-33.11078868039979,OBS_N
2.5V_PCU_ELB,160,41.04236193436186,OBS_N
Radial Distance from Sun,160,0.0038331493224299,OBS_N
Electronic Box Temperature,160,32.96742241149892,OBS_N
Search Coil Magnetometer's Temperature,160,-53.45503908780882,OBS_N
Solar Array's Angle,160,3.86632890161049,OBS_N
High Gain Antenna Azimuth,160,21.78241222291098,OBS_N
Heater Dutycycle,160,5.276419247694148,OBS_N
2.5V_PCU_ELB,170,-14.028871991841124,OBS_N
Radial Distance from Sun,170,0.0034252976091324,OBS_N
Electronic Box Temperature,170,38.40350976560347,OBS_N
Search Coil Magnetometer's Temperature,170,-28.45044498388461,OBS_N
Solar Array's Angle,170,-33.748099469757406,OBS_N
High Gain Antenna Azimuth,170,72.74319114526196,OBS_N
Heater Dutycycle,170,23.20241089178199,OBS_N
2.5V_PCU_ELB,180,-51.93089308305377,OBS_N
Radial Distance from Sun,180,0.0029121688918968,OBS_N
Electronic Box Temperature,180,-6.300123360055526,OBS_N
Search Coil Magnetometer's Temperature,180,-15.222629208656391,OBS_N
Solar Array's Angle,180,9.991169700360706,OBS_N
High Gain Antenna Azimuth,180,48.76401360315417,OBS_N
Heater Dutycycle,180,-53.07350988386054,OBS_N
2.5V_PCU_ELB,190,33.327905680612325,OBS_N
Radial Distance from Sun,190,0.0023939673095064,OBS_N
Electronic Box Temperature,190,-30.67964460842501,OBS_N
Search Coil Magnetometer's Temperature,190,13.048829028060386,OBS_N
Solar Array's Angle,190,28.706783600877024,OBS_N
High Gain Antenna Azimuth,190,-11.115725937133794,OBS_N
Heater Dutycycle,190,-26.561975933393764,OBS_N
2.5V_PCU_ELB,200,-32.055943952637605,OBS_N
Radial Distance from Sun,200,0.001916651479787,OBS_N
Electronic Box Temperature,200,-14.278144469902976,OBS_N
Search Coil Magnetometer's Temperature,200,-16.387166830111354,OBS_N
Solar Array's Angle,200,-12.16637833882171,OBS_N
High Gain Antenna Azimuth,200,-1.2762189128606138,OBS_N
Heater Dutycycle,200,10.900446930975138,OBS_N
2.5V_PCU_ELB,210,43.57979763425478,OBS_N
Radial Distance from Sun,210,0.00151843350506,OBS_N
Electronic Box Temperature,210,71.29934208238457,OBS_N
Search Coil Magnetometer's Temperature,210,-6.781825665800959,OBS_N
Solar Array's Angle,210,13.9966952533721,OBS_N
High Gain Antenna Azimuth,210,37.12525497376425,OBS_N
Heater Dutycycle,210,24.483278832285677,OBS_N
2.5V_PCU_ELB,220,24.17634969866808,OBS_N
Radial Distance from Sun,220,0.0011747017981823,OBS_N
Electronic Box Temperature,220,22.802821834345828,OBS_N
Search Coil Magnetometer's Temperature,220,36.55037695299928,OBS_N
Solar Array's Angle,220,11.4935293802689,OBS_N
High Gain Antenna Azimuth,220,-30.371053138845568,OBS_N
Heater Dutycycle,220,-3.6088886999111054,OBS_N
2.5V_PCU_ELB,230,-18.94660918237713,OBS_N
Radial Distance from Sun,230,0.0010327848634018,OBS_N
Electronic Box Temperature,230,35.91046242014902,OBS_N
Search Coil Magnetometer's Temperature,230,16.664671819638304,OBS_N
Solar Array's Angle,230,70.2634900094665,OBS_N
High Gain Antenna Azimuth,230,23.501492827533088,OBS_N
Heater Dutycycle,230,27.817255762073408,OBS_N
2.5V_PCU_ELB,240,25.02385021950681,OBS_N
Radial Distance from Sun,240,0.0008154333820462,OBS_N
Electronic Box Temperature,240,-9.663946307638428,OBS_N
Search Coil Magnetometer's Temperature,240,85.12834190453209,OBS_N
Solar Array's Angle,240,44.08384891898431,OBS_N
High Gain Antenna Azimuth,240,-64.25126187534275,OBS_N
Heater Dutycycle,240,10.442384550320057,OBS_N
2.5V_PCU_ELB,10,-100.27124217476256,OBS_R
Radial Distance from Sun,10,-0.0530724603218422,OBS_R
Electronic Box Temperature,10,31.873919482224963,OBS_R
Search Coil Magnetometer's Temperature,10,-18.74838076058194,OBS_R
Solar Array's Angle,10,7.027050064760575,OBS_R
High Gain Antenna Azimuth,10,-39.83634328598913,OBS_R
Heater Dutycycle,10,22.077790130639997,OBS_R
2.5V_PCU_ELB,20,0.6633199525718088,OBS_R
Radial Distance from Sun,20,-0.0323173845899003,OBS_R
Electronic Box Temperature,20,9.924317027316988,OBS_R
Search Coil Magnetometer's Temperature,20,-19.87797535758753,OBS_R
Solar Array's Angle,20,-56.769096082442935,OBS_R
High Gain Antenna Azimuth,20,-71.47568665727762,OBS_R
Heater Dutycycle,20,20.142035834556044,OBS_R
2.5V_PCU_ELB,30,-32.400354426187214,OBS_R
Radial Distance from Sun,30,-0.023835560187232,OBS_R
Electronic Box Temperature,30,-46.34930956839851,OBS_R
Search Coil Magnetometer's Temperature,30,-17.95292308118658,OBS_R
Solar Array's Angle,30,-35.2970404717599,OBS_R
High Gain Antenna Azimuth,30,-7.802274841623598,OBS_R
Heater Dutycycle,30,20.5990367569367,OBS_R
2.5V_PCU_ELB,40,2.170390475032822,OBS_R
Radial Distance from Sun,40,-0.0196632469891358,OBS_R
Electronic Box Temperature,40,-8.499261864764621,OBS_R
Search Coil Magnetometer's Temperature,40,-9.674614304281754,OBS_R
Solar Array's Angle,40,-10.20373871272766,OBS_R
High Gain Antenna Azimuth,40,35.74019933608516,OBS_R
Heater Dutycycle,40,-17.668740278888556,OBS_R
2.5V_PCU_ELB,50,-11.112001024811216,OBS_R
Radial Distance from Sun,50,-0.020065176705117,OBS_R
Electronic Box Temperature,50,-25.573469721385315,OBS_R
Search Coil Magnetometer's Temperature,50,32.41910834963909,OBS_R
Solar Array's Angle,50,48.54937488079653,OBS_R
High Gain Antenna Azimuth,50,8.456480757711667,OBS_R
Heater Dutycycle,50,49.134513190953584,OBS_R
2.5V_PCU_ELB,60,-63.06695749303284,OBS_R
Radial Distance from Sun,60,-0.0210524175062039,OBS_R
Electronic Box Temperature,60,-0.2302847069385974,OBS_R
Search Coil Magnetometer's Temperature,60,-10.558786020210364,OBS_R
Solar Array's Angle,60,-37.78809727712098,OBS_R
High Gain Antenna Azimuth,60,11.20116604080517,OBS_R
Heater Dutycycle,60,-50.19355980726603,OBS_R
2.5V_PCU_ELB,70,-97.06030388137624,OBS_R
Radial Distance from Sun,70,-0.0189874195584852,OBS_R
Electronic Box Temperature,70,72.68100701080571,OBS_R
Search Coil Magnetometer's Temperature,70,14.50078907864954,OBS_R
Solar Array's Angle,70,-22.95587587898738,OBS_R
High Gain Antenna Azimuth,70,1.7320175983312986,OBS_R
Heater Dutycycle,70,25.389627306019165,OBS_R
2.5V_PCU_ELB,80,-52.007980761858725,OBS_R
Radial Distance from Sun,80,-0.0137475607513857,OBS_R
Electronic Box Temperature,80,-51.22325523528398,OBS_R
Search Coil Magnetometer's Temperature,80,0.3103805589068845,OBS_R
Solar Array's Angle,80,-30.52393251376171,OBS_R
High Gain Antenna Azimuth,80,-15.373183208106678,OBS_R
Heater Dutycycle,80,-20.267674992597293,OBS_R
2.5V_PCU_ELB,90,31.75605290630061,OBS_R
Radial Distance from Sun,90,-0.0054548094007195,OBS_R
Electronic Box Temperature,90,-11.466329387804942,OBS_R
Search Coil Magnetometer's Temperature,90,35.90151198718245,OBS_R
Solar Array's Angle,90,37.37837349142696,OBS_R
High Gain Antenna Azimuth,90,6.4980029298837385,OBS_R
Heater Dutycycle,90,-64.8916510878099,OBS_R
2.5V_PCU_ELB,100,1.6589237208975247,OBS_R
Radial Distance from Sun,100,-0.0045439071711559,OBS_R
Electronic Box Temperature,100,39.2213256812986,OBS_R
Search Coil Magnetometer's Temperature,100,5.075740133680436,OBS_R
Solar Array's Angle,100,25.22180503741848,OBS_R
High Gain Antenna Azimuth,100,50.5099929858664,OBS_R
Heater Dutycycle,100,33.57440791837499,OBS_R
2.5V_PCU_ELB,110,-0.5911772605634218,OBS_R
Radial Distance from Sun,110,-0.0037761553818403,OBS_R
Electronic Box Temperature,110,-27.173931884661428,OBS_R
Search Coil Magnetometer's Temperature,110,-63.29153361537978,OBS_R
Solar Array's Angle,110,-88.61131026742643,OBS_R
High Gain Antenna Azimuth,110,42.1813490650879,OBS_R
Heater Dutycycle,110,-52.6502596747732,OBS_R
2.5V_PCU_ELB,120,-17.592798354957488,OBS_R
Radial Distance from Sun,120,-0.0025420348378908,OBS_R
Electronic Box Temperature,120,11.002918819874347,OBS_R
Search Coil Magnetometer's Temperature,120,18.75710851965599,OBS_R
Solar Array's Angle,120,2.546968445793988,OBS_R
High Gain Antenna Azimuth,120,13.402183806199128,OBS_R
Heater Dutycycle,120,-18.95382915527425,OBS_R
2.5V_PCU_ELB,130,17.262718806009648,OBS_R
Radial Distance from Sun,130,-0.0013752978289342,OBS_R
Electronic Box Temperature,130,-27.08056809549928,OBS_R
Search Coil Magnetometer's Temperature,130,45.0785336931185,OBS_R
Solar Array's Angle,130,37.559074952457216,OBS_R
High Gain Antenna Azimuth,130,10.354038589178495,OBS_R
Heater Dutycycle,130,-11.926185269898255,OBS_R
2.5V_PCU_ELB,140,58.08510841477884,OBS_R
Radial Distance from Sun,140,-0.0001254134089217,OBS_R
Electronic Box Temperature,140,-36.186183188958175,OBS_R
Search Coil Magnetometer's Temperature,140,4.172421606156815,OBS_R
Solar Array's Angle,140,47.12093082221,OBS_R
High Gain Antenna Azimuth,140,-20.180521729979347,OBS_R
Heater Dutycycle,140,6.635104182109326,OBS_R
2.5V_PCU_ELB,150,13.266509796962268,OBS_R
Radial Distance from Sun,150,0.0011832246699648,OBS_R
Electronic Box Temperature,150,-28.80156907020656,OBS_R
Search Coil Magnetometer's Temperature,150,12.497718099384103,OBS_R
Solar Array's Angle,150,-10.95274528270388,OBS_R
High Gain Antenna Azimuth,150,-97.73080954780258,OBS_R
Heater Dutycycle,150,61.50193303194129,OBS_R
2.5V_PCU_ELB,160,39.51769176176476,OBS_R
Radial Distance from Sun,160,0.0025584984424027,OBS_R
Electronic Box Temperature,160,26.29620597410464,OBS_R
Search Coil Magnetometer's Temperature,160,-52.91913683957777,OBS_R
Solar Array's Angle,160,-31.7610748318936,OBS_R
High Gain Antenna Azimuth,160,12.863474323256815,OBS_R
Heater Dutycycle,160,11.93597376693524,OBS_R
2.5V_PCU_ELB,170,-44.58636710032136,OBS_R
Radial Distance from Sun,170,0.0038848388038279,OBS_R
Electronic Box Temperature,170,46.19322804058634,OBS_R
Search Coil Magnetometer's Temperature,170,8.504478211994428,OBS_R
Solar Array's Angle,170,11.257632191990997,OBS_R
High Gain Antenna Azimuth,170,68.24426056117488,OBS_R
Heater Dutycycle,170,-4.480963498659904,OBS_R
2.5V_PCU_ELB,180,-63.7668069572834,OBS_R
Radial Distance from Sun,180,0.0051439288585563,OBS_R
Electronic Box Temperature,180,35.60704786460218,OBS_R
Search Coil Magnetometer's Temperature,180,-13.80867105820936,OBS_R
Solar Array's Angle,180,-28.488272317413013,OBS_R
High Gain Antenna Azimuth,180,110.91350508185582,OBS_R
Heater Dutycycle,180,18.400107486867245,OBS_R
2.5V_PCU_ELB,190,31.485819951754667,OBS_R
Radial Distance from Sun,190,0.0062112448524036,OBS_R
Electronic Box Temperature,190,8.004695627002329,OBS_R
Search Coil Magnetometer's Temperature,190,-13.98640851804246,OBS_R
Solar Array's Angle,190,88.51964588560028,OBS_R
High Gain Antenna Azimuth,190,-9.62338795931642,OBS_R
Heater Dutycycle,190,-48.61342483205205,OBS_R
2.5V_PCU_ELB,200,39.47671220518045,OBS_R
Radial Distance from Sun,200,0.0071790031601229,OBS_R
Electronic Box Temperature,200,46.31837527430886,OBS_R
Search Coil Magnetometer's Temperature,200,-46.12538048656832,OBS_R
Solar Array's Angle,200,107.11388074701,OBS_R
High Gain Antenna Azimuth,200,-86.22635207388635,OBS_R
Heater Dutycycle,200,-55.40790452539426,OBS_R
2.5V_PCU_ELB,210,41.57202786459301,OBS_R
Radial Distance from Sun,210,0.0080148290196846,OBS_R
Electronic Box Temperature,210,-4.800111195139319,OBS_R
Search Coil Magnetometer's Temperature,210,-74.58046104706266,OBS_R
Solar Array's Angle,210,70.80019057938337,OBS_R
High Gain Antenna Azimuth,210,9.94976953901608,OBS_R
Heater Dutycycle,210,47.63483818455424,OBS_R
2.5V_PCU_ELB,220,-12.404040604769763,OBS_R
Radial Distance from Sun,220,0.0088087606068504,OBS_R
Electronic Box Temperature,220,97.40632296785398,OBS_R
Search Coil Magnetometer's Temperature,220,-14.130650814777434,OBS_R
Solar Array's Angle,220,-22.86011767875489,OBS_R
High Gain Antenna Azimuth,220,9.64414255340389,OBS_R
Heater Dutycycle,220,-49.50578527413601,OBS_R
2.5V_PCU_ELB,230,-37.0104255547072,OBS_R
Radial Distance from Sun,230,0.0093470507414528,OBS_R
Electronic Box Temperature,230,14.97539111530835,OBS_R
Search Coil Magnetometer's Temperature,230,25.76827692461052,OBS_R
Solar Array's Angle,230,28.34927332331953,OBS_R
High Gain Antenna Azimuth,230,-102.10045889058694,OBS_R
Heater Dutycycle,230,-17.316769665623422,OBS_R
2.5V_PCU_ELB,240,-60.47613646707308,OBS_R
Radial Distance from Sun,240,0.0098790983357499,OBS_R
Electronic Box Temperature,240,35.22649083710495,OBS_R
Search Coil Magnetometer's Temperature,240,109.59069842702132,OBS_R
Solar Array's Angle,240,-8.551900779005035,OBS_R
High Gain Antenna Azimuth,240,-51.56909969660106,OBS_R
Heater Dutycycle,240,2.783932496685998,OBS_R
2.5V_PCU_ELB,10,13.78396200102035,OBS_T
Radial Distance from Sun,10,-0.0580979506335253,OBS_T
Electronic Box Temperature,10,60.359775534667264,OBS_T
Search Coil Magnetometer's Temperature,10,81.40923722582033,OBS_T
Solar Array's Angle,10,-68.44783064125295,OBS_T
High Gain Antenna Azimuth,10,-72.24275610705013,OBS_T
Heater Dutycycle,10,-30.85133995512753,OBS_T
2.5V_PCU_ELB,20,-6.595251308290256,OBS_T
Radial Distance from Sun,20,-0.0656422174599151,OBS_T
Electronic Box Temperature,20,16.270476729414224,OBS_T
Search Coil Magnetometer's Temperature,20,35.94474964526137,OBS_T
Solar Array's Angle,20,-17.582761712146233,OBS_T
High Gain Antenna Azimuth,20,75.24477571005053,OBS_T
Heater Dutycycle,20,-16.82679625152874,OBS_T
2.5V_PCU_ELB,30,-50.299216886008914,OBS_T
Radial Distance from Sun,30,-0.061521022172931,OBS_T
Electronic Box Temperature,30,32.74114166506166,OBS_T
Search Coil Magnetometer's Temperature,30,4.6296064476683885,OBS_T
Solar Array's Angle,30,-42.74703245463702,OBS_T
High Gain Antenna Azimuth,30,-27.07861937370169,OBS_T
Heater Dutycycle,30,-20.60626511959091,OBS_T
2.5V_PCU_ELB,40,-45.89440534542186,OBS_T
Radial Distance from Sun,40,-0.0581957480382525,OBS_T
Electronic Box Temperature,40,3.430286276756928,OBS_T
Search Coil Magnetometer's Temperature,40,-15.367258351342484,OBS_T
Solar Array's Angle,40,-119.11941089416386,OBS_T
High Gain Antenna Azimuth,40,-35.553239084653775,OBS_T
Heater Dutycycle,40,3.1740997164543305,OBS_T
2.5V_PCU_ELB,50,53.13680380636338,OBS_T
Radial Distance from Sun,50,-0.0538851538071661,OBS_T
Electronic Box Temperature,50,40.91911228975373,OBS_T
Search Coil Magnetometer's Temperature,50,21.56959350896468,OBS_T
Solar Array's Angle,50,38.05288944422835,OBS_T
High Gain Antenna Azimuth,50,-26.1620432393928,OBS_T
Heater Dutycycle,50,22.075922412070504,OBS_T
2.5V_PCU_ELB,60,-68.98962919573997,OBS_T
Radial Distance from Sun,60,-0.0516442962167565,OBS_T
Electronic Box Temperature,60,0.4472341777873015,OBS_T
Search Coil Magnetometer's Temperature,60,0.0095073124255009,OBS_T
Solar Array's Angle,60,-58.45941795608728,OBS_T
High Gain Antenna Azimuth,60,-14.32184388201052,OBS_T
Heater Dutycycle,60,3.589617137422497,OBS_T
2.5V_PCU_ELB,70,-54.6096315243221,OBS_T
Radial Distance from Sun,70,-0.0468018406240011,OBS_T
Electronic Box Temperature,70,4.842313266696381,OBS_T
Search Coil Magnetometer's Temperature,70,-9.925435543567144,OBS_T
Solar Array's Angle,70,-35.77161714765901,OBS_T
High Gain Antenna Azimuth,70,-7.587857212781032,OBS_T
Heater Dutycycle,70,-11.059960365075415,OBS_T
2.5V_PCU_ELB,80,-39.34383013062721,OBS_T
Radial Distance from Sun,80,-0.0385987415251706,OBS_T
Electronic Box Temperature,80,-21.979439005323886,OBS_T
Search Coil Magnetometer's Temperature,80,-2.889846467154891,OBS_T
Solar Array's Angle,80,53.00935618374202,OBS_T
High Gain Antenna Azimuth,80,-24.143687869676302,OBS_T
Heater Dutycycle,80,-16.763070530840114,OBS_T
2.5V_PCU_ELB,90,31.945988032908144,OBS_T
Radial Distance from Sun,90,-0.0316810923924334,OBS_T
Electronic Box Temperature,90,-24.080527862616176,OBS_T
Search Coil Magnetometer's Temperature,90,20.69981379584417,OBS_T
Solar Array's Angle,90,7.411892693743773,OBS_T
High Gain Antenna Azimuth,90,-0.9978988576018502,OBS_T
Heater Dutycycle,90,-29.214891647124592,OBS_T
2.5V_PCU_ELB,100,-43.3938144583667,OBS_T
Radial Distance from Sun,100,-0.0310106341104835,OBS_T
Electronic Box Temperature,100,-57.728614724953545,OBS_T
Search Coil Magnetometer's Temperature,100,50.79118170085511,OBS_T
Solar Array's Angle,100,37.26011470647366,OBS_T
High Gain Antenna Azimuth,100,-23.65131369260108,OBS_T
Heater Dutycycle,100,42.62814251957086,OBS_T
2.5V_PCU_ELB,110,-1.6678343725319036,OBS_T
Radial Distance from Sun,110,-0.0306310237744064,OBS_T
Electronic Box Temperature,110,17.232164589084746,OBS_T
Search Coil Magnetometer's Temperature,110,-57.437701435900536,OBS_T
Solar Array's Angle,110,-105.8337800165353,OBS_T
High Gain Antenna Azimuth,110,103.52508652854948,OBS_T
Heater Dutycycle,110,-3.606855308258467,OBS_T
2.5V_PCU_ELB,120,46.81112640134293,OBS_T
Radial Distance from Sun,120,-0.0300865082340808,OBS_T
Electronic Box Temperature,120,19.01484893675161,OBS_T
Search Coil Magnetometer's Temperature,120,43.20684465271214,OBS_T
Solar Array's Angle,120,-14.515414529833874,OBS_T
High Gain Antenna Azimuth,120,-4.560085775281492,OBS_T
Heater Dutycycle,120,49.63272026656413,OBS_T
2.5V_PCU_ELB,130,-61.069831070206185,OBS_T
Radial Distance from Sun,130,-0.0297554238456726,OBS_T
Electronic Box Temperature,130,13.854012764054971,OBS_T
Search Coil Magnetometer's Temperature,130,91.5750508503438,OBS_T
Solar Array's Angle,130,-39.144014205663645,OBS_T
High Gain Antenna Azimuth,130,17.464751126290356,OBS_T
Heater Dutycycle,130,11.565295064720797,OBS_T
2.5V_PCU_ELB,140,50.50395724487802,OBS_T
Radial Distance from Sun,140,-0.02939148039912,OBS_T
Electronic Box Temperature,140,56.29420745822026,OBS_T
Search Coil Magnetometer's Temperature,140,6.291394128268717,OBS_T
Solar Array's Angle,140,9.811354472923908,OBS_T
High Gain Antenna Azimuth,140,19.37615492535534,OBS_T
Heater Dutycycle,140,-6.4373488801322045,OBS_T
2.5V_PCU_ELB,150,-9.167445226001332,OBS_T
Radial Distance from Sun,150,-0.0288882788760183,OBS_T
Electronic Box Temperature,150,59.74360573702369,OBS_T
Search Coil Magnetometer's Temperature,150,-36.890937307989006,OBS_T
Solar Array's Angle,150,36.17322002083166,OBS_T
High Gain Antenna Azimuth,150,-88.87914976943885,OBS_T
Heater Dutycycle,150,-33.25133149655048,OBS_T
2.5V_PCU_ELB,160,15.241069428495026,OBS_T
Radial Distance from Sun,160,-0.0283458149731195,OBS_T
Electronic Box Temperature,160,17.50955414127908,OBS_T
Search Coil Magnetometer's Temperature,160,-7.880461131332043,OBS_T
Solar Array's Angle,160,77.72439305500657,OBS_T
High Gain Antenna Azimuth,160,-28.45642493330142,OBS_T
Heater Dutycycle,160,-14.987585372258048,OBS_T
2.5V_PCU_ELB,170,-23.63639266349378,OBS_T
Radial Distance from Sun,170,-0.0279155355798489,OBS_T
Electronic Box Temperature,170,24.17375842106231,OBS_T
Search Coil Magnetometer's Temperature,170,-28.883072468151244,OBS_T
Solar Array's Angle,170,18.91374475430733,OBS_T
High Gain Antenna Azimuth,170,12.204733193738068,OBS_T
Heater Dutycycle,170,18.74269212668584,OBS_T
2.5V_PCU_ELB,180,-47.86744193820424,OBS_T
Radial Distance from Sun,180,-0.0275517806007284,OBS_T
Electronic Box Temperature,180,-18.84823567945425,OBS_T
Search Coil Magnetometer's Temperature,180,-31.171156897783373,OBS_T
Solar Array's Angle,180,57.63672043335112,OBS_T
High Gain Antenna Azimuth,180,75.25434880798083,OBS_T
Heater Dutycycle,180,-55.704284375442974,OBS_T
2.5V_PCU_ELB,190,13.282673395609574,OBS_T
Radial Distance from Sun,190,-0.0271880862397583,OBS_T
Electronic Box Temperature,190,-28.57026049106283,OBS_T
Search Coil Magnetometer's Temperature,190,-32.10891470693744,OBS_T
Solar Array's Angle,190,30.13805580481649,OBS_T
High Gain Antenna Azimuth,190,47.558159243380814,OBS_T
Heater Dutycycle,190,-26.796654071714187,OBS_T
2.5V_PCU_ELB,200,-15.68853812030113,OBS_T
Radial Distance from Sun,200,-0.0269487391695611,OBS_T
Electronic Box Temperature,200,-3.871802303995101,OBS_T
Search Coil Magnetometer's Temperature,200,-38.20457078467313,OBS_T
Solar Array's Angle,200,67.44540600310388,OBS_T
High Gain Antenna Azimuth,200,28.648076900116376,OBS_T
Heater Dutycycle,200,-23.20553573984657,OBS_T
2.5V_PCU_ELB,210,31.249795507254465,OBS_T
Radial Distance from Sun,210,-0.0267890767737641,OBS_T
Electronic Box Temperature,210,93.97932089407864,OBS_T
Search Coil Magnetometer's Temperature,210,-1.8340752806965612,OBS_T
Solar Array's Angle,210,22.30831538409492,OBS_T
High Gain Antenna Azimuth,210,16.595250677419497,OBS_T
Heater Dutycycle,210,-6.775631982104425,OBS_T
2.5V_PCU_ELB,220,-26.048729777127825,OBS_T
Radial Distance from Sun,220,-0.0265293135225103,OBS_T
Electronic Box Temperature,220,1.0314390866511869,OBS_T
Search Coil Magnetometer's Temperature,220,49.05626707407147,OBS_T
Solar Array's Angle,220,-6.113741460716632,OBS_T
High Gain Antenna Azimuth,220,-22.901561173708863,OBS_T
Heater Dutycycle,220,-8.957068198342283,OBS_T
2.5V_PCU_ELB,230,-20.95218617118102,OBS_T
Radial Distance from Sun,230,-0.0264408456454512,OBS_T
Electronic Box Temperature,230,38.54131119052104,OBS_T
Search Coil Magnetometer's Temperature,230,44.50960890809596,OBS_T
Solar Array's Angle,230,113.60579562812252,OBS_T
High Gain Antenna Azimuth,230,43.61472275111943,OBS_T
Heater Dutycycle,230,32.61771797037714,OBS_T
2.5V_PCU_ELB,240,9.744519226720016,OBS_T
Radial Distance from Sun,240,-0.0264121002105388,OBS_T
Electronic Box Temperature,240,18.93771167171723,OBS_T
Search Coil Magnetometer's Temperature,240,97.61711107866482,OBS_T
Solar Array's Angle,240,16.420506503885942,OBS_T
High Gain Antenna Azimuth,240,-58.53634566461348,OBS_T
Heater Dutycycle,240,29.856503600493514,OBS_T
